Team,TeamVS,Side,Champion,GameResult,Pick/Ban,Day
UOL,PGG,Blue,Udyr,Loss,Ban,Groups Tiebreakers
UOL,PGG,Blue,Urgot,Loss,Ban,Groups Day 6
UOL,PGG,Blue,Amumu,Loss,Ban,Groups Day 6
UOL,PGG,Blue,Orianna,Loss,Ban,Groups Day 6
UOL,PGG,Blue,Ryze,Loss,Ban,Groups Day 6
UOL,PGG,Blue,Gnar,Loss,Pick,Groups Day 6
UOL,PGG,Blue,Alistar,Loss,Pick,Groups Day 6
UOL,PGG,Blue,Kaisa,Loss,Pick,Groups Day 6
UOL,PGG,Blue,Khazix,Loss,Pick,Groups Day 6
UOL,PGG,Blue,Viktor,Loss,Pick,Groups Day 6
PGG,UOL,Red,Nidalee,Win,Ban,Groups Day 6
PGG,UOL,Red,Rumble,Win,Ban,Groups Day 6
PGG,UOL,Red,Morgana,Win,Ban,Groups Day 6
PGG,UOL,Red,Jayce,Win,Ban,Groups Day 6
PGG,UOL,Red,Nautilus,Win,Ban,Groups Day 6
PGG,UOL,Red,Xayah,Win,Pick,Groups Day 6
PGG,UOL,Red,Sylas,Win,Pick,Groups Day 6
PGG,UOL,Red,Syndra,Win,Pick,Groups Day 6
PGG,UOL,Red,Karthus,Win,Pick,Groups Day 6
PGG,UOL,Red,Lee Sin,Win,Pick,Groups Day 6
INF,C9,Blue,Lee Sin,Loss,Ban,Groups Day 6
INF,C9,Blue,Renekton,Loss,Ban,Groups Day 6
INF,C9,Blue,Tahm Kench,Loss,Ban,Groups Day 6
INF,C9,Blue,Jayce,Loss,Ban,Groups Day 6
INF,C9,Blue,Irelia,Loss,Ban,Groups Day 6
INF,C9,Blue,Morgana,Loss,Pick,Groups Day 6
INF,C9,Blue,Kalista,Loss,Pick,Groups Day 6
INF,C9,Blue,Nautilus,Loss,Pick,Groups Day 6
INF,C9,Blue,Syndra,Loss,Pick,Groups Day 6
INF,C9,Blue,Gangplank,Loss,Pick,Groups Day 6
C9,INF,Red,Gnar,Win,Ban,Groups Day 6
C9,INF,Red,Udyr,Win,Ban,Groups Day 6
C9,INF,Red,Zoe,Win,Ban,Groups Day 6
C9,INF,Red,Viktor,Win,Ban,Groups Day 6
C9,INF,Red,Orianna,Win,Ban,Groups Day 6
C9,INF,Red,Varus,Win,Pick,Groups Day 6
C9,INF,Red,Thresh,Win,Pick,Groups Day 6
C9,INF,Red,Rumble,Win,Pick,Groups Day 6
C9,INF,Red,Lucian,Win,Pick,Groups Day 6
C9,INF,Red,Sion,Win,Pick,Groups Day 6
DFM,DK,Blue,Senna,Loss,Ban,Groups Day 6
DFM,DK,Blue,Thresh,Loss,Ban,Groups Day 6
DFM,DK,Blue,Varus,Loss,Ban,Groups Day 6
DFM,DK,Blue,Udyr,Loss,Pick,Groups Day 6
DFM,DK,Blue,Tristana,Loss,Pick,Groups Day 6
DFM,DK,Blue,Nocturne,Loss,Pick,Groups Day 6
DFM,DK,Blue,Viktor,Loss,Ban,Groups Day 6
DFM,DK,Blue,Sylas,Loss,Ban,Groups Day 6
DFM,DK,Blue,Sett,Loss,Pick,Groups Day 6
DFM,DK,Blue,Syndra,Loss,Pick,Groups Day 6
DK,DFM,Red,Urgot,Win,Ban,Groups Day 6
DK,DFM,Red,Morgana,Win,Ban,Groups Day 6
DK,DFM,Red,Renekton,Win,Ban,Groups Day 6
DK,DFM,Red,Kaisa,Win,Pick,Groups Day 6
DK,DFM,Red,Gnar,Win,Pick,Groups Day 6
DK,DFM,Red,Nautilus,Win,Pick,Groups Day 6
DK,DFM,Red,Leona,Win,Ban,Groups Day 6
DK,DFM,Red,Alistar,Win,Ban,Groups Day 6
DK,DFM,Red,Diana,Win,Pick,Groups Day 6
DK,DFM,Red,Yasuo,Win,Pick,Groups Day 6
C9,DFM,Blue,Gnar,Win,Ban,Groups Day 6
C9,DFM,Blue,Urgot,Win,Ban,Groups Day 6
C9,DFM,Blue,Udyr,Win,Ban,Groups Day 6
C9,DFM,Blue,Morgana,Win,Pick,Groups Day 6
C9,DFM,Blue,Kaisa,Win,Pick,Groups Day 6
C9,DFM,Blue,Nautilus,Win,Pick,Groups Day 6
C9,DFM,Blue,Nocturne,Win,Ban,Groups Day 6
C9,DFM,Blue,Jayce,Win,Ban,Groups Day 6
C9,DFM,Blue,Yone,Win,Pick,Groups Day 6
C9,DFM,Blue,Sion,Win,Pick,Groups Day 6
DFM,C9,Red,Senna,Loss,Ban,Groups Day 6
DFM,C9,Red,Lee Sin,Loss,Ban,Groups Day 6
DFM,C9,Red,Renekton,Loss,Ban,Groups Day 6
DFM,C9,Red,Rumble,Loss,Pick,Groups Day 6
DFM,C9,Red,Tristana,Loss,Pick,Groups Day 6
DFM,C9,Red,Alistar,Loss,Pick,Groups Day 6
DFM,C9,Red,Sylas,Loss,Ban,Groups Day 6
DFM,C9,Red,Lucian,Loss,Ban,Groups Day 6
DFM,C9,Red,Zoe,Loss,Pick,Groups Day 6
DFM,C9,Red,Sett,Loss,Pick,Groups Day 6
DK,INF,Blue,Thresh,Win,Ban,Groups Day 6
DK,INF,Blue,Lee Sin,Win,Ban,Groups Day 6
DK,INF,Blue,Morgana,Win,Ban,Groups Day 6
DK,INF,Blue,Kaisa,Win,Pick,Groups Day 6
DK,INF,Blue,Udyr,Win,Pick,Groups Day 6
DK,INF,Blue,Gnar,Win,Pick,Groups Day 6
DK,INF,Blue,Lucian,Win,Ban,Groups Day 6
DK,INF,Blue,Nocturne,Win,Ban,Groups Day 6
DK,INF,Blue,Rell,Win,Pick,Groups Day 6
DK,INF,Blue,Orianna,Win,Pick,Groups Day 6
INF,DK,Red,Senna,Loss,Ban,Groups Day 6
INF,DK,Red,Varus,Loss,Ban,Groups Day 6
INF,DK,Red,Renekton,Loss,Ban,Groups Day 6
INF,DK,Red,Rumble,Loss,Pick,Groups Day 6
INF,DK,Red,Nautilus,Loss,Pick,Groups Day 6
INF,DK,Red,Tristana,Loss,Pick,Groups Day 6
INF,DK,Red,Leona,Loss,Ban,Groups Day 6
INF,DK,Red,Sett,Loss,Ban,Groups Day 6
INF,DK,Red,Zoe,Loss,Pick,Groups Day 6
INF,DK,Red,Jayce,Loss,Pick,Groups Day 6
DFM,INF,Blue,Thresh,Win,Ban,Groups Day 6
DFM,INF,Blue,Xayah,Win,Ban,Groups Day 6
DFM,INF,Blue,Zoe,Win,Ban,Groups Day 6
DFM,INF,Blue,Udyr,Win,Pick,Groups Day 6
DFM,INF,Blue,Tristana,Win,Pick,Groups Day 6
DFM,INF,Blue,Gnar,Win,Pick,Groups Day 6
DFM,INF,Blue,Sylas,Win,Ban,Groups Day 6
DFM,INF,Blue,Viktor,Win,Ban,Groups Day 6
DFM,INF,Blue,Leblanc,Win,Pick,Groups Day 6
DFM,INF,Blue,Alistar,Win,Pick,Groups Day 6
INF,DFM,Red,Renekton,Loss,Ban,Groups Day 6
INF,DFM,Red,Rumble,Loss,Ban,Groups Day 6
INF,DFM,Red,Morgana,Loss,Ban,Groups Day 6
INF,DFM,Red,Lee Sin,Loss,Pick,Groups Day 6
INF,DFM,Red,Kaisa,Loss,Pick,Groups Day 6
INF,DFM,Red,Volibear,Loss,Pick,Groups Day 6
INF,DFM,Red,Ryze,Loss,Ban,Groups Day 6
INF,DFM,Red,Sett,Loss,Ban,Groups Day 6
INF,DFM,Red,Syndra,Loss,Pick,Groups Day 6
INF,DFM,Red,Nautilus,Loss,Pick,Groups Day 6
C9,DK,Blue,Gnar,Win,Ban,Groups Day 6
C9,DK,Blue,Varus,Win,Ban,Groups Day 6
C9,DK,Blue,Renekton,Win,Ban,Groups Day 6
C9,DK,Blue,Lee Sin,Win,Pick,Groups Day 6
C9,DK,Blue,Udyr,Win,Pick,Groups Day 6
C9,DK,Blue,Tristana,Win,Pick,Groups Day 6
C9,DK,Blue,Nocturne,Win,Ban,Groups Day 6
C9,DK,Blue,Sett,Win,Ban,Groups Day 6
C9,DK,Blue,Alistar,Win,Pick,Groups Day 6
C9,DK,Blue,Viktor,Win,Pick,Groups Day 6
DK,C9,Red,Thresh,Loss,Ban,Groups Day 6
DK,C9,Red,Morgana,Loss,Ban,Groups Day 6
DK,C9,Red,Senna,Loss,Ban,Groups Day 6
DK,C9,Red,Kaisa,Loss,Pick,Groups Day 6
DK,C9,Red,Rumble,Loss,Pick,Groups Day 6
DK,C9,Red,Nautilus,Loss,Pick,Groups Day 6
DK,C9,Red,Leona,Loss,Ban,Groups Day 6
DK,C9,Red,Kalista,Loss,Ban,Groups Day 6
DK,C9,Red,Jayce,Loss,Pick,Groups Day 6
DK,C9,Red,Sylas,Loss,Pick,Groups Day 6
PSG,MAD,Blue,Senna,Loss,Ban,Groups Day 5
PSG,MAD,Blue,Lee Sin,Loss,Ban,Groups Day 5
PSG,MAD,Blue,Varus,Loss,Ban,Groups Day 5
PSG,MAD,Blue,Rumble,Loss,Pick,Groups Day 5
PSG,MAD,Blue,Tristana,Loss,Pick,Groups Day 5
PSG,MAD,Blue,Leona,Loss,Pick,Groups Day 5
PSG,MAD,Blue,Wukong,Loss,Ban,Groups Day 5
PSG,MAD,Blue,Alistar,Loss,Ban,Groups Day 5
PSG,MAD,Blue,Syndra,Loss,Pick,Groups Day 5
PSG,MAD,Blue,Sion,Loss,Pick,Groups Day 5
MAD,PSG,Red,Renekton,Win,Ban,Groups Day 5
MAD,PSG,Red,Thresh,Win,Ban,Groups Day 5
MAD,PSG,Red,Zoe,Win,Ban,Groups Day 5
MAD,PSG,Red,Lucian,Win,Pick,Groups Day 5
MAD,PSG,Red,Kaisa,Win,Pick,Groups Day 5
MAD,PSG,Red,Morgana,Win,Pick,Groups Day 5
MAD,PSG,Red,Viktor,Win,Ban,Groups Day 5
MAD,PSG,Red,Nocturne,Win,Ban,Groups Day 5
MAD,PSG,Red,Jayce,Win,Pick,Groups Day 5
MAD,PSG,Red,Nautilus,Win,Pick,Groups Day 5
PNG,IW,Blue,Senna,Win,Ban,Groups Day 5
PNG,IW,Blue,Kaisa,Win,Ban,Groups Day 5
PNG,IW,Blue,Lee Sin,Win,Ban,Groups Day 5
PNG,IW,Blue,Udyr,Win,Pick,Groups Day 5
PNG,IW,Blue,Thresh,Win,Pick,Groups Day 5
PNG,IW,Blue,Zoe,Win,Pick,Groups Day 5
PNG,IW,Blue,Nautilus,Win,Ban,Groups Day 5
PNG,IW,Blue,Samira,Win,Ban,Groups Day 5
PNG,IW,Blue,Jinx,Win,Pick,Groups Day 5
PNG,IW,Blue,Sett,Win,Pick,Groups Day 5
IW,PNG,Red,Morgana,Loss,Ban,Groups Day 5
IW,PNG,Red,Rumble,Loss,Ban,Groups Day 5
IW,PNG,Red,Draven,Loss,Ban,Groups Day 5
IW,PNG,Red,Renekton,Loss,Pick,Groups Day 5
IW,PNG,Red,Volibear,Loss,Pick,Groups Day 5
IW,PNG,Red,Orianna,Loss,Pick,Groups Day 5
IW,PNG,Red,Gnar,Loss,Ban,Groups Day 5
IW,PNG,Red,Varus,Loss,Ban,Groups Day 5
IW,PNG,Red,Kalista,Loss,Pick,Groups Day 5
IW,PNG,Red,Blitzcrank,Loss,Pick,Groups Day 5
PNG,MAD,Blue,Senna,Loss,Ban,Groups Day 5
PNG,MAD,Blue,Tristana,Loss,Ban,Groups Day 5
PNG,MAD,Blue,Kaisa,Loss,Ban,Groups Day 5
PNG,MAD,Blue,Renekton,Loss,Pick,Groups Day 5
PNG,MAD,Blue,Morgana,Loss,Pick,Groups Day 5
PNG,MAD,Blue,Alistar,Loss,Pick,Groups Day 5
PNG,MAD,Blue,Ezreal,Loss,Ban,Groups Day 5
PNG,MAD,Blue,Leona,Loss,Ban,Groups Day 5
PNG,MAD,Blue,Jhin,Loss,Pick,Groups Day 5
PNG,MAD,Blue,Syndra,Loss,Pick,Groups Day 5
MAD,PNG,Red,Draven,Win,Ban,Groups Day 5
MAD,PNG,Red,Thresh,Win,Ban,Groups Day 5
MAD,PNG,Red,Zoe,Win,Ban,Groups Day 5
MAD,PNG,Red,Rumble,Win,Pick,Groups Day 5
MAD,PNG,Red,Lucian,Win,Pick,Groups Day 5
MAD,PNG,Red,Gnar,Win,Pick,Groups Day 5
MAD,PNG,Red,Irelia,Win,Ban,Groups Day 5
MAD,PNG,Red,Wukong,Win,Ban,Groups Day 5
MAD,PNG,Red,Varus,Win,Pick,Groups Day 5
MAD,PNG,Red,Tahm Kench,Win,Pick,Groups Day 5
IW,PSG,Blue,Thresh,Loss,Ban,Groups Day 5
IW,PSG,Blue,Rumble,Loss,Ban,Groups Day 5
IW,PSG,Blue,Morgana,Loss,Ban,Groups Day 5
IW,PSG,Blue,Kaisa,Loss,Pick,Groups Day 5
IW,PSG,Blue,Olaf,Loss,Pick,Groups Day 5
IW,PSG,Blue,Orianna,Loss,Pick,Groups Day 5
IW,PSG,Blue,Sylas,Loss,Ban,Groups Day 5
IW,PSG,Blue,Zoe,Loss,Ban,Groups Day 5
IW,PSG,Blue,Gnar,Loss,Pick,Groups Day 5
IW,PSG,Blue,Nautilus,Loss,Pick,Groups Day 5
PSG,IW,Red,Senna,Win,Ban,Groups Day 5
PSG,IW,Red,Renekton,Win,Ban,Groups Day 5
PSG,IW,Red,Udyr,Win,Ban,Groups Day 5
PSG,IW,Red,Volibear,Win,Pick,Groups Day 5
PSG,IW,Red,Tristana,Win,Pick,Groups Day 5
PSG,IW,Red,Leona,Win,Pick,Groups Day 5
PSG,IW,Red,Alistar,Win,Ban,Groups Day 5
PSG,IW,Red,Rell,Win,Ban,Groups Day 5
PSG,IW,Red,Azir,Win,Pick,Groups Day 5
PSG,IW,Red,Jayce,Win,Pick,Groups Day 5
PSG,PNG,Blue,Draven,Win,Ban,Groups Day 5
PSG,PNG,Blue,Alistar,Win,Ban,Groups Day 5
PSG,PNG,Blue,Camille,Win,Ban,Groups Day 5
PSG,PNG,Blue,Udyr,Win,Pick,Groups Day 5
PSG,PNG,Blue,Thresh,Win,Pick,Groups Day 5
PSG,PNG,Blue,Aphelios,Win,Pick,Groups Day 5
PSG,PNG,Blue,Lucian,Win,Ban,Groups Day 5
PSG,PNG,Blue,Irelia,Win,Ban,Groups Day 5
PSG,PNG,Blue,Jayce,Win,Pick,Groups Day 5
PSG,PNG,Blue,Zoe,Win,Pick,Groups Day 5
PNG,PSG,Red,Renekton,Loss,Ban,Groups Day 5
PNG,PSG,Red,Rumble,Loss,Ban,Groups Day 5
PNG,PSG,Red,Morgana,Loss,Ban,Groups Day 5
PNG,PSG,Red,Kaisa,Loss,Pick,Groups Day 5
PNG,PSG,Red,Lillia,Loss,Pick,Groups Day 5
PNG,PSG,Red,Nautilus,Loss,Pick,Groups Day 5
PNG,PSG,Red,Sylas,Loss,Ban,Groups Day 5
PNG,PSG,Red,Ryze,Loss,Ban,Groups Day 5
PNG,PSG,Red,Gnar,Loss,Pick,Groups Day 5
PNG,PSG,Red,Leblanc,Loss,Pick,Groups Day 5
MAD,IW,Blue,Renekton,Loss,Ban,Groups Day 5
MAD,IW,Blue,Nocturne,Loss,Ban,Groups Day 5
MAD,IW,Blue,Udyr,Loss,Ban,Groups Day 5
MAD,IW,Blue,Lee Sin,Loss,Pick,Groups Day 5
MAD,IW,Blue,Tristana,Loss,Pick,Groups Day 5
MAD,IW,Blue,Nautilus,Loss,Pick,Groups Day 5
MAD,IW,Blue,Sett,Loss,Ban,Groups Day 5
MAD,IW,Blue,Alistar,Loss,Ban,Groups Day 5
MAD,IW,Blue,Olaf,Loss,Pick,Groups Day 5
MAD,IW,Blue,Zoe,Loss,Pick,Groups Day 5
IW,MAD,Red,Morgana,Win,Ban,Groups Day 5
IW,MAD,Red,Rumble,Win,Ban,Groups Day 5
IW,MAD,Red,Varus,Win,Ban,Groups Day 5
IW,MAD,Red,Volibear,Win,Pick,Groups Day 5
IW,MAD,Red,Kaisa,Win,Pick,Groups Day 5
IW,MAD,Red,Orianna,Win,Pick,Groups Day 5
IW,MAD,Red,Lillia,Win,Ban,Groups Day 5
IW,MAD,Red,Viktor,Win,Ban,Groups Day 5
IW,MAD,Red,Leona,Win,Pick,Groups Day 5
IW,MAD,Red,Nautilus,Win,Pick,Groups Day 5
PGG,RNG,Blue,Lucian,Loss,Ban,Groups Day 4
PGG,RNG,Blue,Lee Sin,Loss,Ban,Groups Day 4
PGG,RNG,Blue,Leona,Loss,Ban,Groups Day 4
PGG,RNG,Blue,Rumble,Loss,Pick,Groups Day 4
PGG,RNG,Blue,Alistar,Loss,Pick,Groups Day 4
PGG,RNG,Blue,Urgot,Loss,Pick,Groups Day 4
PGG,RNG,Blue,Syndra,Loss,Ban,Groups Day 4
PGG,RNG,Blue,Sylas,Loss,Ban,Groups Day 4
PGG,RNG,Blue,Vayne,Loss,Pick,Groups Day 4
PGG,RNG,Blue,Orianna,Loss,Pick,Groups Day 4
RNG,PGG,Red,Morgana,Win,Ban,Groups Day 4
RNG,PGG,Red,Nidalee,Win,Ban,Groups Day 4
RNG,PGG,Red,Varus,Win,Ban,Groups Day 4
RNG,PGG,Red,Udyr,Win,Pick,Groups Day 4
RNG,PGG,Red,Nautilus,Win,Pick,Groups Day 4
RNG,PGG,Red,Kaisa,Win,Pick,Groups Day 4
RNG,PGG,Red,Xayah,Win,Ban,Groups Day 4
RNG,PGG,Red,Tristana,Win,Ban,Groups Day 4
RNG,PGG,Red,Gnar,Win,Pick,Groups Day 4
RNG,PGG,Red,Ryze,Win,Pick,Groups Day 4
PGG,UOL,Blue,Lucian,Win,Ban,Groups Day 4
PGG,UOL,Blue,Rumble,Win,Ban,Groups Day 4
PGG,UOL,Blue,Alistar,Win,Ban,Groups Day 4
PGG,UOL,Blue,Nidalee,Win,Pick,Groups Day 4
PGG,UOL,Blue,Galio,Win,Pick,Groups Day 4
PGG,UOL,Blue,Samira,Win,Pick,Groups Day 4
PGG,UOL,Blue,Karthus,Win,Ban,Groups Day 4
PGG,UOL,Blue,Orianna,Win,Ban,Groups Day 4
PGG,UOL,Blue,Sett,Win,Pick,Groups Day 4
PGG,UOL,Blue,Zed,Win,Pick,Groups Day 4
UOL,PGG,Red,Udyr,Loss,Ban,Groups Day 4
UOL,PGG,Red,Morgana,Loss,Ban,Groups Day 4
UOL,PGG,Red,Varus,Loss,Ban,Groups Day 4
UOL,PGG,Red,Nautilus,Loss,Pick,Groups Day 4
UOL,PGG,Red,Kaisa,Loss,Pick,Groups Day 4
UOL,PGG,Red,Nocturne,Loss,Pick,Groups Day 4
UOL,PGG,Red,Renekton,Loss,Ban,Groups Day 4
UOL,PGG,Red,Urgot,Loss,Ban,Groups Day 4
UOL,PGG,Red,Lee Sin,Loss,Pick,Groups Day 4
UOL,PGG,Red,Vladimir,Loss,Pick,Groups Day 4
RNG,UOL,Blue,Renekton,Win,Ban,Groups Day 4
RNG,UOL,Blue,Nocturne,Win,Ban,Groups Day 4
RNG,UOL,Blue,Morgana,Win,Ban,Groups Day 4
RNG,UOL,Blue,Rumble,Win,Pick,Groups Day 4
RNG,UOL,Blue,Nautilus,Win,Pick,Groups Day 4
RNG,UOL,Blue,Kalista,Win,Pick,Groups Day 4
RNG,UOL,Blue,Jayce,Win,Ban,Groups Day 4
RNG,UOL,Blue,Wukong,Win,Ban,Groups Day 4
RNG,UOL,Blue,Lucian,Win,Pick,Groups Day 4
RNG,UOL,Blue,Ryze,Win,Pick,Groups Day 4
UOL,RNG,Red,Tristana,Loss,Ban,Groups Day 4
UOL,RNG,Red,Udyr,Loss,Ban,Groups Day 4
UOL,RNG,Red,Kaisa,Loss,Ban,Groups Day 4
UOL,RNG,Red,Varus,Loss,Pick,Groups Day 4
UOL,RNG,Red,Nidalee,Loss,Pick,Groups Day 4
UOL,RNG,Red,Alistar,Loss,Pick,Groups Day 4
UOL,RNG,Red,Sylas,Loss,Ban,Groups Day 4
UOL,RNG,Red,Lee Sin,Loss,Ban,Groups Day 4
UOL,RNG,Red,Gnar,Loss,Pick,Groups Day 4
UOL,RNG,Red,Orianna,Loss,Pick,Groups Day 4
RNG,PGG,Blue,Ahri,Win,Ban,Groups Day 4
RNG,PGG,Blue,Renekton,Win,Ban,Groups Day 4
RNG,PGG,Blue,Morgana,Win,Ban,Groups Day 4
RNG,PGG,Blue,Varus,Win,Pick,Groups Day 4
RNG,PGG,Blue,Volibear,Win,Pick,Groups Day 4
RNG,PGG,Blue,Leona,Win,Pick,Groups Day 4
RNG,PGG,Blue,Lee Sin,Win,Ban,Groups Day 4
RNG,PGG,Blue,Viktor,Win,Ban,Groups Day 4
RNG,PGG,Blue,Syndra,Win,Pick,Groups Day 4
RNG,PGG,Blue,Gnar,Win,Pick,Groups Day 4
PGG,RNG,Red,Lucian,Loss,Ban,Groups Day 4
PGG,RNG,Red,Rumble,Loss,Ban,Groups Day 4
PGG,RNG,Red,Udyr,Loss,Ban,Groups Day 4
PGG,RNG,Red,Nautilus,Loss,Pick,Groups Day 4
PGG,RNG,Red,Nidalee,Loss,Pick,Groups Day 4
PGG,RNG,Red,Kaisa,Loss,Pick,Groups Day 4
PGG,RNG,Red,Jayce,Loss,Ban,Groups Day 4
PGG,RNG,Red,Sylas,Loss,Ban,Groups Day 4
PGG,RNG,Red,Urgot,Loss,Pick,Groups Day 4
PGG,RNG,Red,Qiyana,Loss,Pick,Groups Day 4
UOL,PGG,Blue,Udyr,Win,Ban,Groups Day 4
UOL,PGG,Blue,Morgana,Win,Ban,Groups Day 4
UOL,PGG,Blue,Gnar,Win,Ban,Groups Day 4
UOL,PGG,Blue,Nidalee,Win,Pick,Groups Day 4
UOL,PGG,Blue,Alistar,Win,Pick,Groups Day 4
UOL,PGG,Blue,Urgot,Win,Pick,Groups Day 4
UOL,PGG,Blue,Diana,Win,Ban,Groups Day 4
UOL,PGG,Blue,Fiddlesticks,Win,Ban,Groups Day 4
UOL,PGG,Blue,Orianna,Win,Pick,Groups Day 4
UOL,PGG,Blue,Tristana,Win,Pick,Groups Day 4
PGG,UOL,Red,Senna,Loss,Ban,Groups Day 4
PGG,UOL,Red,Nocturne,Loss,Ban,Groups Day 4
PGG,UOL,Red,Rumble,Loss,Ban,Groups Day 4
PGG,UOL,Red,Nautilus,Loss,Pick,Groups Day 4
PGG,UOL,Red,Renekton,Loss,Pick,Groups Day 4
PGG,UOL,Red,Kaisa,Loss,Pick,Groups Day 4
PGG,UOL,Red,Xayah,Loss,Ban,Groups Day 4
PGG,UOL,Red,Varus,Loss,Ban,Groups Day 4
PGG,UOL,Red,Graves,Loss,Pick,Groups Day 4
PGG,UOL,Red,Ahri,Loss,Pick,Groups Day 4
UOL,PGG,Blue,Tristana,Loss,Ban,Groups Day 4
UOL,PGG,Blue,Udyr,Loss,Ban,Groups Day 4
UOL,PGG,Blue,Lee Sin,Loss,Ban,Groups Day 4
UOL,PGG,Blue,Rumble,Loss,Pick,Groups Day 4
UOL,PGG,Blue,Xayah,Loss,Pick,Groups Day 4
UOL,PGG,Blue,Alistar,Loss,Pick,Groups Day 4
UOL,PGG,Blue,Nautilus,Loss,Ban,Groups Day 4
UOL,PGG,Blue,Rell,Loss,Ban,Groups Day 4
UOL,PGG,Blue,Viktor,Loss,Pick,Groups Day 4
UOL,PGG,Blue,Nocturne,Loss,Pick,Groups Day 4
PGG,UOL,Red,Varus,Win,Ban,Groups Day 4
RNG,UOL,Red,Senna,Win,Ban,Groups Day 4
RNG,UOL,Red,Thresh,Win,Ban,Groups Day 4
RNG,UOL,Red,Renekton,Win,Pick,Groups Day 4
RNG,UOL,Red,Kaisa,Win,Pick,Groups Day 4
RNG,UOL,Red,Morgana,Win,Pick,Groups Day 4
RNG,UOL,Red,Orianna,Win,Ban,Groups Day 4
RNG,UOL,Red,Gnar,Win,Ban,Groups Day 4
RNG,UOL,Red,Leona,Win,Pick,Groups Day 4
RNG,UOL,Red,Sylas,Win,Pick,Groups Day 4
PSG,IW,Blue,Senna,Win,Ban,Groups Day 3
PSG,IW,Blue,Lee Sin,Win,Ban,Groups Day 3
PSG,IW,Blue,Udyr,Win,Ban,Groups Day 3
PSG,IW,Blue,Renekton,Win,Pick,Groups Day 3
PSG,IW,Blue,Rumble,Win,Pick,Groups Day 3
PSG,IW,Blue,Thresh,Win,Pick,Groups Day 3
PSG,IW,Blue,Gnar,Win,Ban,Groups Day 3
PSG,IW,Blue,Lucian,Win,Ban,Groups Day 3
PSG,IW,Blue,Aphelios,Win,Pick,Groups Day 3
PSG,IW,Blue,Sylas,Win,Pick,Groups Day 3
IW,PSG,Red,Varus,Loss,Ban,Groups Day 3
IW,PSG,Red,Leona,Loss,Ban,Groups Day 3
IW,PSG,Red,Nocturne,Loss,Ban,Groups Day 3
IW,PSG,Red,Kaisa,Loss,Pick,Groups Day 3
IW,PSG,Red,Nautilus,Loss,Pick,Groups Day 3
IW,PSG,Red,Morgana,Loss,Pick,Groups Day 3
IW,PSG,Red,Kalista,Loss,Ban,Groups Day 3
IW,PSG,Red,Jinx,Loss,Ban,Groups Day 3
IW,PSG,Red,Gangplank,Loss,Pick,Groups Day 3
IW,PSG,Red,Yone,Loss,Pick,Groups Day 3
MAD,PNG,Blue,Renekton,Win,Ban,Groups Day 3
MAD,PNG,Blue,Draven,Win,Ban,Groups Day 3
MAD,PNG,Blue,Udyr,Win,Ban,Groups Day 3
MAD,PNG,Blue,Morgana,Win,Pick,Groups Day 3
MAD,PNG,Blue,Aphelios,Win,Pick,Groups Day 3
MAD,PNG,Blue,Thresh,Win,Pick,Groups Day 3
MAD,PNG,Blue,Karma,Win,Ban,Groups Day 3
MAD,PNG,Blue,Nocturne,Win,Ban,Groups Day 3
MAD,PNG,Blue,Lee Sin,Win,Pick,Groups Day 3
MAD,PNG,Blue,Kog maw,Win,Pick,Groups Day 3
PNG,MAD,Red,Senna,Loss,Ban,Groups Day 3
PNG,MAD,Red,Varus,Loss,Ban,Groups Day 3
PNG,MAD,Red,Rumble,Loss,Ban,Groups Day 3
PNG,MAD,Red,Jinx,Loss,Pick,Groups Day 3
PNG,MAD,Red,Olaf,Loss,Pick,Groups Day 3
PNG,MAD,Red,Tahm Kench,Loss,Pick,Groups Day 3
PNG,MAD,Red,Lucian,Loss,Ban,Groups Day 3
PNG,MAD,Red,Orianna,Loss,Ban,Groups Day 3
PNG,MAD,Red,Zoe,Loss,Pick,Groups Day 3
PNG,MAD,Red,Camille,Loss,Pick,Groups Day 3
C9,INF,Blue,Gnar,Win,Ban,Groups Day 3
C9,INF,Blue,Zoe,Win,Ban,Groups Day 3
C9,INF,Blue,Varus,Win,Ban,Groups Day 3
C9,INF,Blue,Morgana,Win,Pick,Groups Day 3
C9,INF,Blue,Renekton,Win,Pick,Groups Day 3
C9,INF,Blue,Tristana,Win,Pick,Groups Day 3
C9,INF,Blue,Orianna,Win,Ban,Groups Day 3
C9,INF,Blue,Alistar,Win,Ban,Groups Day 3
C9,INF,Blue,Jinx,Win,Pick,Groups Day 3
C9,INF,Blue,Thresh,Win,Pick,Groups Day 3
INF,C9,Red,Lee Sin,Loss,Ban,Groups Day 3
INF,C9,Red,Tahm Kench,Loss,Ban,Groups Day 3
INF,C9,Red,Rumble,Loss,Ban,Groups Day 3
INF,C9,Red,Kaisa,Loss,Pick,Groups Day 3
INF,C9,Red,Udyr,Loss,Pick,Groups Day 3
INF,C9,Red,Gangplank,Loss,Pick,Groups Day 3
INF,C9,Red,Rakan,Loss,Ban,Groups Day 3
INF,C9,Red,Ryze,Loss,Ban,Groups Day 3
INF,C9,Red,Rell,Loss,Pick,Groups Day 3
INF,C9,Red,Viktor,Loss,Pick,Groups Day 3
DK,DFM,Blue,Renekton,Win,Ban,Groups Day 3
DK,DFM,Blue,Lee Sin,Win,Ban,Groups Day 3
DK,DFM,Blue,Rumble,Win,Ban,Groups Day 3
DK,DFM,Blue,Morgana,Win,Pick,Groups Day 3
DK,DFM,Blue,Xayah,Win,Pick,Groups Day 3
DK,DFM,Blue,Alistar,Win,Pick,Groups Day 3
DK,DFM,Blue,Sett,Win,Ban,Groups Day 3
DK,DFM,Blue,Nocturne,Win,Ban,Groups Day 3
DK,DFM,Blue,Gangplank,Win,Pick,Groups Day 3
DK,DFM,Blue,Viktor,Win,Pick,Groups Day 3
DFM,DK,Red,Senna,Loss,Ban,Groups Day 3
DFM,DK,Red,Thresh,Loss,Ban,Groups Day 3
DFM,DK,Red,Varus,Loss,Ban,Groups Day 3
DFM,DK,Red,Udyr,Loss,Pick,Groups Day 3
DFM,DK,Red,Tristana,Loss,Pick,Groups Day 3
DFM,DK,Red,Zoe,Loss,Pick,Groups Day 3
DFM,DK,Red,Lucian,Loss,Ban,Groups Day 3
DFM,DK,Red,Gnar,Loss,Ban,Groups Day 3
DFM,DK,Red,Rell,Loss,Pick,Groups Day 3
DFM,DK,Red,Urgot,Loss,Pick,Groups Day 3
UOL,PGG,Blue,Tristana,Loss,Ban,Groups Day 3
UOL,PGG,Blue,Rumble,Loss,Ban,Groups Day 3
UOL,PGG,Blue,Lillia,Loss,Ban,Groups Day 3
UOL,PGG,Blue,Udyr,Loss,Pick,Groups Day 3
UOL,PGG,Blue,Jayce,Loss,Pick,Groups Day 3
UOL,PGG,Blue,Kaisa,Loss,Pick,Groups Day 3
UOL,PGG,Blue,Rell,Loss,Ban,Groups Day 3
UOL,PGG,Blue,Nautilus,Loss,Ban,Groups Day 3
UOL,PGG,Blue,Galio,Loss,Pick,Groups Day 3
UOL,PGG,Blue,Viktor,Loss,Pick,Groups Day 3
PGG,UOL,Red,Nocturne,Win,Ban,Groups Day 3
PGG,UOL,Red,Varus,Win,Ban,Groups Day 3
PGG,UOL,Red,Thresh,Win,Ban,Groups Day 3
PGG,UOL,Red,Gnar,Win,Pick,Groups Day 3
PGG,UOL,Red,Morgana,Win,Pick,Groups Day 3
PGG,UOL,Red,Samira,Win,Pick,Groups Day 3
PGG,UOL,Red,Braum,Win,Ban,Groups Day 3
PGG,UOL,Red,Alistar,Win,Ban,Groups Day 3
PGG,UOL,Red,Rakan,Win,Pick,Groups Day 3
PGG,UOL,Red,Lee Sin,Win,Pick,Groups Day 3
RNG,UOL,Blue,Renekton,Win,Ban,Groups Day 3
RNG,UOL,Blue,Senna,Win,Ban,Groups Day 3
RNG,UOL,Blue,Morgana,Win,Ban,Groups Day 3
RNG,UOL,Blue,Rumble,Win,Pick,Groups Day 3
RNG,UOL,Blue,Nautilus,Win,Pick,Groups Day 3
RNG,UOL,Blue,Lee Sin,Win,Pick,Groups Day 3
RNG,UOL,Blue,Jayce,Win,Ban,Groups Day 3
RNG,UOL,Blue,Nocturne,Win,Ban,Groups Day 3
RNG,UOL,Blue,Kalista,Win,Pick,Groups Day 3
RNG,UOL,Blue,Orianna,Win,Pick,Groups Day 3
UOL,RNG,Red,Tristana,Loss,Ban,Groups Day 3
UOL,RNG,Red,Udyr,Loss,Ban,Groups Day 3
UOL,RNG,Red,Kaisa,Loss,Ban,Groups Day 3
UOL,RNG,Red,Varus,Loss,Pick,Groups Day 3
UOL,RNG,Red,Nidalee,Loss,Pick,Groups Day 3
UOL,RNG,Red,Leona,Loss,Pick,Groups Day 3
UOL,RNG,Red,Ashe,Loss,Ban,Groups Day 3
UOL,RNG,Red,Lucian,Loss,Ban,Groups Day 3
UOL,RNG,Red,Nocturne,Loss,Pick,Groups Day 3
UOL,RNG,Red,Kassadin,Loss,Pick,Groups Day 3
PNG,PSG,Blue,Varus,Loss,Ban,Groups Day 2
PNG,PSG,Blue,Renekton,Loss,Ban,Groups Day 2
PNG,PSG,Blue,Thresh,Loss,Ban,Groups Day 2
PNG,PSG,Blue,Rell,Loss,Pick,Groups Day 2
PNG,PSG,Blue,Tristana,Loss,Pick,Groups Day 2
PNG,PSG,Blue,Hecarim,Loss,Pick,Groups Day 2
PNG,PSG,Blue,Akali,Loss,Ban,Groups Day 2
PNG,PSG,Blue,Sylas,Loss,Ban,Groups Day 2
PNG,PSG,Blue,Ryze,Loss,Pick,Groups Day 2
PNG,PSG,Blue,Karma,Loss,Pick,Groups Day 2
PSG,PNG,Red,Draven,Win,Ban,Groups Day 2
PSG,PNG,Red,Alistar,Win,Ban,Groups Day 2
PSG,PNG,Red,Camille,Win,Ban,Groups Day 2
PSG,PNG,Red,Rumble,Win,Pick,Groups Day 2
PSG,PNG,Red,Kaisa,Win,Pick,Groups Day 2
PSG,PNG,Red,Leona,Win,Pick,Groups Day 2
PSG,PNG,Red,Irelia,Win,Ban,Groups Day 2
PSG,PNG,Red,Nocturne,Win,Ban,Groups Day 2
PSG,PNG,Red,Gnar,Win,Pick,Groups Day 2
PSG,PNG,Red,Lucian,Win,Pick,Groups Day 2
IW,MAD,Blue,Thresh,Loss,Ban,Groups Day 2
IW,MAD,Blue,Lucian,Loss,Ban,Groups Day 2
IW,MAD,Blue,Rumble,Loss,Ban,Groups Day 2
IW,MAD,Blue,Udyr,Loss,Pick,Groups Day 2
IW,MAD,Blue,Tristana,Loss,Pick,Groups Day 2
IW,MAD,Blue,Leona,Loss,Pick,Groups Day 2
IW,MAD,Blue,Orianna,Loss,Ban,Groups Day 2
IW,MAD,Blue,Renekton,Loss,Ban,Groups Day 2
IW,MAD,Blue,Ryze,Loss,Pick,Groups Day 2
IW,MAD,Blue,Nocturne,Loss,Pick,Groups Day 2
MAD,IW,Red,Tahm Kench,Win,Ban,Groups Day 2
MAD,IW,Red,Lee Sin,Win,Ban,Groups Day 2
MAD,IW,Red,Morgana,Win,Ban,Groups Day 2
MAD,IW,Red,Nautilus,Win,Pick,Groups Day 2
MAD,IW,Red,Kaisa,Win,Pick,Groups Day 2
MAD,IW,Red,Volibear,Win,Pick,Groups Day 2
MAD,IW,Red,Sylas,Win,Ban,Groups Day 2
MAD,IW,Red,Gnar,Win,Ban,Groups Day 2
MAD,IW,Red,Viktor,Win,Pick,Groups Day 2
MAD,IW,Red,Wukong,Win,Pick,Groups Day 2
DFM,C9,Blue,Thresh,Win,Ban,Groups Day 2
DFM,C9,Blue,Lee Sin,Win,Ban,Groups Day 2
DFM,C9,Blue,Senna,Win,Ban,Groups Day 2
DFM,C9,Blue,Udyr,Win,Pick,Groups Day 2
DFM,C9,Blue,Gnar,Win,Pick,Groups Day 2
DFM,C9,Blue,Kaisa,Win,Pick,Groups Day 2
DFM,C9,Blue,Tahm Kench,Win,Ban,Groups Day 2
DFM,C9,Blue,Twisted Fate,Win,Ban,Groups Day 2
DFM,C9,Blue,Zoe,Win,Pick,Groups Day 2
DFM,C9,Blue,Alistar,Win,Pick,Groups Day 2
C9,DFM,Red,Rumble,Loss,Ban,Groups Day 2
C9,DFM,Red,Morgana,Loss,Ban,Groups Day 2
C9,DFM,Red,Renekton,Loss,Ban,Groups Day 2
C9,DFM,Red,Varus,Loss,Pick,Groups Day 2
C9,DFM,Red,Nidalee,Loss,Pick,Groups Day 2
C9,DFM,Red,Jayce,Loss,Pick,Groups Day 2
C9,DFM,Red,Rell,Loss,Ban,Groups Day 2
C9,DFM,Red,Sett,Loss,Ban,Groups Day 2
C9,DFM,Red,Leona,Loss,Pick,Groups Day 2
C9,DFM,Red,Orianna,Loss,Pick,Groups Day 2
INF,DK,Blue,Nidalee,Loss,Ban,Groups Day 2
INF,DK,Blue,Lee Sin,Loss,Ban,Groups Day 2
INF,DK,Blue,Rumble,Loss,Ban,Groups Day 2
INF,DK,Blue,Lillia,Loss,Pick,Groups Day 2
INF,DK,Blue,Kalista,Loss,Pick,Groups Day 2
INF,DK,Blue,Lucian,Loss,Pick,Groups Day 2
INF,DK,Blue,Tahm Kench,Loss,Ban,Groups Day 2
INF,DK,Blue,Ryze,Loss,Ban,Groups Day 2
INF,DK,Blue,Gnar,Loss,Pick,Groups Day 2
INF,DK,Blue,Alistar,Loss,Pick,Groups Day 2
DK,INF,Red,Thresh,Win,Ban,Groups Day 2
DK,INF,Red,Morgana,Win,Ban,Groups Day 2
DK,INF,Red,Udyr,Win,Ban,Groups Day 2
DK,INF,Red,Varus,Win,Pick,Groups Day 2
DK,INF,Red,Graves,Win,Pick,Groups Day 2
DK,INF,Red,Syndra,Win,Pick,Groups Day 2
DK,INF,Red,Nautilus,Win,Ban,Groups Day 2
DK,INF,Red,Leona,Win,Ban,Groups Day 2
DK,INF,Red,Sion,Win,Pick,Groups Day 2
DK,INF,Red,Sett,Win,Pick,Groups Day 2
UOL,RNG,Blue,Tristana,Loss,Ban,Groups Day 2
UOL,RNG,Blue,Udyr,Loss,Ban,Groups Day 2
UOL,RNG,Blue,Rumble,Loss,Ban,Groups Day 2
UOL,RNG,Blue,Kaisa,Loss,Pick,Groups Day 2
UOL,RNG,Blue,Trundle,Loss,Pick,Groups Day 2
UOL,RNG,Blue,Gnar,Loss,Pick,Groups Day 2
UOL,RNG,Blue,Rakan,Loss,Ban,Groups Day 2
UOL,RNG,Blue,None,Loss,Ban,Groups Day 2
UOL,RNG,Blue,Viktor,Loss,Pick,Groups Day 2
UOL,RNG,Blue,Braum,Loss,Pick,Groups Day 2
RNG,UOL,Red,Morgana,Win,Ban,Groups Day 2
RNG,UOL,Red,Thresh,Win,Ban,Groups Day 2
RNG,UOL,Red,Varus,Win,Ban,Groups Day 2
RNG,UOL,Red,Olaf,Win,Pick,Groups Day 2
RNG,UOL,Red,Xayah,Win,Pick,Groups Day 2
RNG,UOL,Red,Lucian,Win,Pick,Groups Day 2
RNG,UOL,Red,Rell,Win,Ban,Groups Day 2
RNG,UOL,Red,Orianna,Win,Ban,Groups Day 2
RNG,UOL,Red,Alistar,Win,Pick,Groups Day 2
RNG,UOL,Red,Ryze,Win,Pick,Groups Day 2
PGG,RNG,Blue,Lucian,Loss,Ban,Groups Day 2
PGG,RNG,Blue,Jayce,Loss,Ban,Groups Day 2
PGG,RNG,Blue,Nocturne,Loss,Ban,Groups Day 2
PGG,RNG,Blue,Gnar,Loss,Pick,Groups Day 2
PGG,RNG,Blue,Kog maw,Loss,Pick,Groups Day 2
PGG,RNG,Blue,Lulu,Loss,Pick,Groups Day 2
PGG,RNG,Blue,Nautilus,Loss,Ban,Groups Day 2
PGG,RNG,Blue,Syndra,Loss,Ban,Groups Day 2
PGG,RNG,Blue,Volibear,Loss,Pick,Groups Day 2
PGG,RNG,Blue,Orianna,Loss,Pick,Groups Day 2
RNG,PGG,Red,Morgana,Win,Ban,Groups Day 2
RNG,PGG,Red,Varus,Win,Ban,Groups Day 2
RNG,PGG,Red,Rumble,Win,Ban,Groups Day 2
RNG,PGG,Red,Lee Sin,Win,Pick,Groups Day 2
RNG,PGG,Red,Udyr,Win,Pick,Groups Day 2
RNG,PGG,Red,Kaisa,Win,Pick,Groups Day 2
RNG,PGG,Red,Ahri,Win,Ban,Groups Day 2
RNG,PGG,Red,Olaf,Win,Ban,Groups Day 2
RNG,PGG,Red,Leona,Win,Pick,Groups Day 2
RNG,PGG,Red,Sylas,Win,Pick,Groups Day 2
MAD,PSG,Blue,Renekton,Win,Ban,Groups Day 1
MAD,PSG,Blue,Varus,Win,Ban,Groups Day 1
MAD,PSG,Blue,Morgana,Win,Ban,Groups Day 1
MAD,PSG,Blue,Udyr,Win,Pick,Groups Day 1
MAD,PSG,Blue,Tristana,Win,Pick,Groups Day 1
MAD,PSG,Blue,Nautilus,Win,Pick,Groups Day 1
MAD,PSG,Blue,Viktor,Win,Ban,Groups Day 1
MAD,PSG,Blue,Diana,Win,Ban,Groups Day 1
MAD,PSG,Blue,Lee Sin,Win,Pick,Groups Day 1
MAD,PSG,Blue,Ryze,Win,Pick,Groups Day 1
PSG,MAD,Red,Senna,Loss,Ban,Groups Day 1
PSG,MAD,Red,Orianna,Loss,Ban,Groups Day 1
PSG,MAD,Red,Rumble,Loss,Ban,Groups Day 1
PSG,MAD,Red,Nidalee,Loss,Pick,Groups Day 1
PSG,MAD,Red,Kaisa,Loss,Pick,Groups Day 1
PSG,MAD,Red,Leona,Loss,Pick,Groups Day 1
PSG,MAD,Red,Wukong,Loss,Ban,Groups Day 1
PSG,MAD,Red,Nocturne,Loss,Ban,Groups Day 1
PSG,MAD,Red,Gnar,Loss,Pick,Groups Day 1
PSG,MAD,Red,Sett,Loss,Pick,Groups Day 1
IW,PNG,Blue,Draven,Loss,Ban,Groups Day 1
IW,PNG,Blue,Renekton,Loss,Ban,Groups Day 1
IW,PNG,Blue,Thresh,Loss,Ban,Groups Day 1
IW,PNG,Blue,Lee Sin,Loss,Pick,Groups Day 1
IW,PNG,Blue,Rumble,Loss,Pick,Groups Day 1
IW,PNG,Blue,Alistar,Loss,Pick,Groups Day 1
IW,PNG,Blue,Lucian,Loss,Ban,Groups Day 1
IW,PNG,Blue,Viktor,Loss,Ban,Groups Day 1
IW,PNG,Blue,Samira,Loss,Pick,Groups Day 1
IW,PNG,Blue,Sett,Loss,Pick,Groups Day 1
PNG,IW,Red,Senna,Win,Ban,Groups Day 1
PNG,IW,Red,Varus,Win,Ban,Groups Day 1
PNG,IW,Red,Kaisa,Win,Ban,Groups Day 1
PNG,IW,Red,Rell,Win,Pick,Groups Day 1
PNG,IW,Red,Udyr,Win,Pick,Groups Day 1
PNG,IW,Red,Tristana,Win,Pick,Groups Day 1
PNG,IW,Red,Orianna,Win,Ban,Groups Day 1
PNG,IW,Red,Ryze,Win,Ban,Groups Day 1
PNG,IW,Red,Sylas,Win,Pick,Groups Day 1
PNG,IW,Red,Darius,Win,Pick,Groups Day 1
PGG,UOL,Blue,Lucian,Loss,Ban,Groups Day 1
PGG,UOL,Blue,Nocturne,Loss,Ban,Groups Day 1
PGG,UOL,Blue,Lee Sin,Loss,Ban,Groups Day 1
PGG,UOL,Blue,Varus,Loss,Pick,Groups Day 1
PGG,UOL,Blue,Rumble,Loss,Pick,Groups Day 1
PGG,UOL,Blue,Tahm Kench,Loss,Pick,Groups Day 1
PGG,UOL,Blue,Renekton,Loss,Ban,Groups Day 1
PGG,UOL,Blue,Jayce,Loss,Ban,Groups Day 1
PGG,UOL,Blue,Ornn,Loss,Pick,Groups Day 1
PGG,UOL,Blue,Kindred,Loss,Pick,Groups Day 1
UOL,PGG,Red,Udyr,Win,Ban,Groups Day 1
UOL,PGG,Red,Jinx,Win,Ban,Groups Day 1
UOL,PGG,Red,Tristana,Win,Ban,Groups Day 1
UOL,PGG,Red,Kaisa,Win,Pick,Groups Day 1
UOL,PGG,Red,Alistar,Win,Pick,Groups Day 1
UOL,PGG,Red,Nidalee,Win,Pick,Groups Day 1
UOL,PGG,Red,Viktor,Win,Ban,Groups Day 1
UOL,PGG,Red,Sion,Win,Ban,Groups Day 1
UOL,PGG,Red,Gnar,Win,Pick,Groups Day 1
UOL,PGG,Red,Orianna,Win,Pick,Groups Day 1
RNG,PGG,Blue,Ahri,Win,Ban,Groups Day 1
RNG,PGG,Blue,Morgana,Win,Ban,Groups Day 1
RNG,PGG,Blue,Zoe,Win,Ban,Groups Day 1
RNG,PGG,Blue,Rumble,Win,Pick,Groups Day 1
RNG,PGG,Blue,Kaisa,Win,Pick,Groups Day 1
RNG,PGG,Blue,Nautilus,Win,Pick,Groups Day 1
RNG,PGG,Blue,Kindred,Win,Ban,Groups Day 1
RNG,PGG,Blue,Udyr,Win,Ban,Groups Day 1
RNG,PGG,Blue,Nocturne,Win,Pick,Groups Day 1
RNG,PGG,Blue,Gnar,Win,Pick,Groups Day 1
PGG,RNG,Red,Lucian,Loss,Ban,Groups Day 1
PGG,RNG,Red,Jayce,Loss,Ban,Groups Day 1
PGG,RNG,Red,Varus,Loss,Ban,Groups Day 1
PGG,RNG,Red,Lee Sin,Loss,Pick,Groups Day 1
PGG,RNG,Red,Thresh,Loss,Pick,Groups Day 1
PGG,RNG,Red,Jinx,Loss,Pick,Groups Day 1
PGG,RNG,Red,Renekton,Loss,Ban,Groups Day 1
PGG,RNG,Red,Olaf,Loss,Ban,Groups Day 1
PGG,RNG,Red,Fiddlesticks,Loss,Pick,Groups Day 1
PGG,RNG,Red,Urgot,Loss,Pick,Groups Day 1
INF,DFM,Blue,Lee Sin,Win,Ban,Groups Day 1
INF,DFM,Blue,Morgana,Win,Ban,Groups Day 1
INF,DFM,Blue,Rumble,Win,Ban,Groups Day 1
INF,DFM,Blue,Udyr,Win,Pick,Groups Day 1
INF,DFM,Blue,Gnar,Win,Pick,Groups Day 1
INF,DFM,Blue,Xayah,Win,Pick,Groups Day 1
INF,DFM,Blue,Lillia,Win,Ban,Groups Day 1
INF,DFM,Blue,Sett,Win,Ban,Groups Day 1
INF,DFM,Blue,Sylas,Win,Pick,Groups Day 1
INF,DFM,Blue,Alistar,Win,Pick,Groups Day 1
DFM,INF,Red,Zoe,Loss,Ban,Groups Day 1
DFM,INF,Red,Thresh,Loss,Ban,Groups Day 1
DFM,INF,Red,Kalista,Loss,Ban,Groups Day 1
DFM,INF,Red,Renekton,Loss,Pick,Groups Day 1
DFM,INF,Red,Kaisa,Loss,Pick,Groups Day 1
DFM,INF,Red,Akali,Loss,Pick,Groups Day 1
DFM,INF,Red,Twisted Fate,Loss,Ban,Groups Day 1
DFM,INF,Red,Rakan,Loss,Ban,Groups Day 1
DFM,INF,Red,Rell,Loss,Pick,Groups Day 1
DFM,INF,Red,Hecarim,Loss,Pick,Groups Day 1
DK,C9,Blue,Thresh,Win,Ban,Groups Day 1
DK,C9,Blue,Lee Sin,Win,Ban,Groups Day 1
DK,C9,Blue,Senna,Win,Ban,Groups Day 1
DK,C9,Blue,Morgana,Win,Pick,Groups Day 1
DK,C9,Blue,Jhin,Win,Pick,Groups Day 1
DK,C9,Blue,Leona,Win,Pick,Groups Day 1
DK,C9,Blue,Orianna,Win,Ban,Groups Day 1
DK,C9,Blue,Lulu,Win,Ban,Groups Day 1
DK,C9,Blue,Zoe,Win,Pick,Groups Day 1
DK,C9,Blue,Gnar,Win,Pick,Groups Day 1
C9,DK,Red,Rumble,Loss,Ban,Groups Day 1
C9,DK,Red,Nidalee,Loss,Ban,Groups Day 1
C9,DK,Red,Jayce,Loss,Ban,Groups Day 1
C9,DK,Red,Varus,Loss,Pick,Groups Day 1
C9,DK,Red,Kindred,Loss,Pick,Groups Day 1
C9,DK,Red,Tahm Kench,Loss,Pick,Groups Day 1
C9,DK,Red,Renekton,Loss,Ban,Groups Day 1
C9,DK,Red,Lucian,Loss,Ban,Groups Day 1
C9,DK,Red,Viktor,Loss,Pick,Groups Day 1
C9,DK,Red,Gangplank,Loss,Pick,Groups Day 1
